DROP TABLE IF EXISTS "indicator_father_son";
CREATE TABLE "indicator_father_son" ("indicatorfather_id" integer, "indicatorson_id" integer);
INSERT INTO "indicator_father_son" VALUES(1,4);
INSERT INTO "indicator_father_son" VALUES(1,5);
INSERT INTO "indicator_father_son" VALUES(2,4);
INSERT INTO "indicator_father_son" VALUES(1,2);
DROP TABLE IF EXISTS "indicator_scores";
CREATE TABLE "indicator_scores" ("id" INTEGER PRIMARY KEY AUTOINCREMENT NOT NULL, "indicator_id" integer, "scoredate_id" integer, "score" float, "created_at" datetime NOT NULL, "updated_at" datetime NOT NULL, "goal" float DEFAULT 0.0);
INSERT INTO "indicator_scores" VALUES(86,1,1,50,'2012-05-30 02:57:04.795946','2012-06-06 15:27:04.418550',10);
INSERT INTO "indicator_scores" VALUES(87,1,2,54,'2012-05-30 02:57:04.962313','2012-06-06 17:36:43.023859',22);
INSERT INTO "indicator_scores" VALUES(88,1,3,65,'2012-05-30 02:57:05.081787','2012-06-06 17:37:26.773495',11);
INSERT INTO "indicator_scores" VALUES(89,1,4,76,'2012-05-30 02:57:05.193603','2012-06-06 17:37:52.971349',64);
INSERT INTO "indicator_scores" VALUES(90,1,5,64,'2012-05-30 02:57:05.349387','2012-06-06 17:38:32.383317',54);
INSERT INTO "indicator_scores" VALUES(91,1,6,17,'2012-05-30 02:57:05.449338','2012-06-06 17:38:57.922351',77);
INSERT INTO "indicator_scores" VALUES(92,1,7,76,'2012-05-30 02:57:05.549153','2012-05-30 02:57:05.549153',0);
INSERT INTO "indicator_scores" VALUES(93,1,8,65,'2012-05-30 02:57:05.650823','2012-05-30 02:57:05.650823',0);
INSERT INTO "indicator_scores" VALUES(94,1,9,19,'2012-05-30 02:57:05.749266','2012-05-30 02:57:05.749266',0);
INSERT INTO "indicator_scores" VALUES(95,1,10,53,'2012-05-30 02:57:05.849213','2012-05-30 02:57:05.849213',0);
INSERT INTO "indicator_scores" VALUES(96,1,11,10,'2012-05-30 02:57:05.949946','2012-05-30 02:57:05.949946',0);
INSERT INTO "indicator_scores" VALUES(97,1,12,65,'2012-05-30 02:57:06.048731','2012-05-30 02:57:06.048731',0);
INSERT INTO "indicator_scores" VALUES(98,2,1,60,'2012-05-30 02:57:06.138215','2012-06-06 15:27:04.450376',25);
INSERT INTO "indicator_scores" VALUES(99,2,2,80,'2012-05-30 02:57:06.238179','2012-06-06 17:36:43.024618',55);
INSERT INTO "indicator_scores" VALUES(100,2,3,48,'2012-05-30 02:57:06.326860','2012-06-06 17:37:26.774383',44);
INSERT INTO "indicator_scores" VALUES(101,2,4,38,'2012-05-30 02:57:06.427438','2012-06-06 17:37:52.972177',43);
INSERT INTO "indicator_scores" VALUES(102,2,5,13,'2012-05-30 02:57:06.564666','2012-06-06 17:38:32.384122',54);
INSERT INTO "indicator_scores" VALUES(103,2,6,14,'2012-05-30 02:57:06.676222','2012-06-06 17:38:57.923261',54);
INSERT INTO "indicator_scores" VALUES(104,2,7,87,'2012-05-30 02:57:06.775871','2012-05-30 02:57:06.775871',0);
INSERT INTO "indicator_scores" VALUES(105,2,8,58,'2012-05-30 02:57:06.875754','2012-05-30 02:57:06.875754',0);
INSERT INTO "indicator_scores" VALUES(106,2,9,95,'2012-05-30 02:57:06.975768','2012-05-30 02:57:06.975768',0);
INSERT INTO "indicator_scores" VALUES(107,2,10,94,'2012-05-30 02:57:07.076171','2012-05-30 02:57:07.076171',0);
INSERT INTO "indicator_scores" VALUES(108,2,11,44,'2012-05-30 02:57:07.161161','2012-05-30 02:57:07.161161',0);
INSERT INTO "indicator_scores" VALUES(109,2,12,34,'2012-05-30 02:57:07.264716','2012-05-30 02:57:07.264716',0);
INSERT INTO "indicator_scores" VALUES(110,3,1,33,'2012-05-30 02:57:07.387794','2012-06-06 15:27:04.452825',17);
INSERT INTO "indicator_scores" VALUES(111,3,2,6,'2012-05-30 02:57:07.487647','2012-06-06 17:36:43.025122',77);
INSERT INTO "indicator_scores" VALUES(112,3,3,96,'2012-05-30 02:57:07.586965','2012-06-06 17:37:26.774907',77);
INSERT INTO "indicator_scores" VALUES(113,3,4,51,'2012-05-30 02:57:07.686872','2012-06-06 17:37:52.972677',23);
INSERT INTO "indicator_scores" VALUES(114,3,5,47,'2012-05-30 02:57:07.798010','2012-06-06 17:38:32.384618',34);
INSERT INTO "indicator_scores" VALUES(115,3,6,94,'2012-05-30 02:57:07.908911','2012-06-06 17:38:57.923764',34);
INSERT INTO "indicator_scores" VALUES(116,3,7,78,'2012-05-30 02:57:08.009084','2012-05-30 02:57:08.009084',0);
INSERT INTO "indicator_scores" VALUES(117,3,8,86,'2012-05-30 02:57:08.118519','2012-05-30 02:57:08.118519',0);
INSERT INTO "indicator_scores" VALUES(118,3,9,32,'2012-05-30 02:57:08.230881','2012-05-30 02:57:08.230881',0);
INSERT INTO "indicator_scores" VALUES(119,3,10,97,'2012-05-30 02:57:08.705232','2012-05-30 02:57:08.705232',0);
INSERT INTO "indicator_scores" VALUES(120,3,11,0,'2012-05-30 02:57:09.170247','2012-05-30 02:57:09.170247',0);
INSERT INTO "indicator_scores" VALUES(121,3,12,41,'2012-05-30 02:57:09.751368','2012-05-30 02:57:09.751368',0);
INSERT INTO "indicator_scores" VALUES(122,4,1,25,'2012-05-30 02:57:10.053011','2012-06-06 15:27:04.454585',85);
INSERT INTO "indicator_scores" VALUES(123,4,2,17,'2012-05-30 02:57:10.307371','2012-06-06 17:36:43.025592',33);
INSERT INTO "indicator_scores" VALUES(124,4,3,28,'2012-05-30 02:57:10.418705','2012-06-06 17:37:26.775384',66);
INSERT INTO "indicator_scores" VALUES(125,4,4,23,'2012-05-30 02:57:10.529775','2012-06-06 17:37:52.973170',67);
INSERT INTO "indicator_scores" VALUES(126,4,5,33,'2012-05-30 02:57:10.651946','2012-06-06 17:38:32.385127',23);
INSERT INTO "indicator_scores" VALUES(127,4,6,60,'2012-05-30 02:57:10.762965','2012-06-06 17:38:57.924253',23);
INSERT INTO "indicator_scores" VALUES(128,4,7,87,'2012-05-30 02:57:10.874067','2012-05-30 02:57:10.874067',0);
INSERT INTO "indicator_scores" VALUES(129,4,8,63,'2012-05-30 02:57:10.985217','2012-05-30 02:57:10.985217',0);
INSERT INTO "indicator_scores" VALUES(130,4,9,48,'2012-05-30 02:57:11.096289','2012-05-30 02:57:11.096289',0);
INSERT INTO "indicator_scores" VALUES(131,4,10,38,'2012-05-30 02:57:11.207436','2012-05-30 02:57:11.207436',0);
INSERT INTO "indicator_scores" VALUES(132,4,11,82,'2012-05-30 02:57:11.331121','2012-05-30 02:57:11.331121',0);
INSERT INTO "indicator_scores" VALUES(133,4,12,43,'2012-05-30 02:57:11.431120','2012-05-30 02:57:11.431120',0);
INSERT INTO "indicator_scores" VALUES(134,5,1,53,'2012-05-30 02:57:11.531124','2012-06-06 15:27:04.456311',65);
INSERT INTO "indicator_scores" VALUES(135,5,2,9,'2012-05-30 02:57:11.630484','2012-06-06 17:36:43.026063',22);
INSERT INTO "indicator_scores" VALUES(136,5,3,33,'2012-05-30 02:57:11.731245','2012-06-06 17:37:26.775852',55);
INSERT INTO "indicator_scores" VALUES(137,5,4,37,'2012-05-30 02:57:11.831063','2012-06-06 17:37:52.973640',87);
INSERT INTO "indicator_scores" VALUES(138,5,5,51,'2012-05-30 02:57:11.931045','2012-06-06 17:38:32.385631',87);
INSERT INTO "indicator_scores" VALUES(139,5,6,23,'2012-05-30 02:57:12.030691','2012-06-06 17:38:57.924732',26);
INSERT INTO "indicator_scores" VALUES(140,5,7,37,'2012-05-30 02:57:12.142305','2012-05-30 02:57:12.142305',0);
INSERT INTO "indicator_scores" VALUES(141,5,8,24,'2012-05-30 02:57:12.242284','2012-05-30 02:57:12.242284',0);
INSERT INTO "indicator_scores" VALUES(142,5,9,42,'2012-05-30 02:57:12.342273','2012-05-30 02:57:12.342273',0);
INSERT INTO "indicator_scores" VALUES(143,5,10,46,'2012-05-30 02:57:12.442263','2012-05-30 02:57:12.442263',0);
INSERT INTO "indicator_scores" VALUES(144,5,11,38,'2012-05-30 02:57:12.542405','2012-05-30 02:57:12.542405',0);
INSERT INTO "indicator_scores" VALUES(145,5,12,24,'2012-05-30 02:57:12.642405','2012-05-30 02:57:12.642405',0);
INSERT INTO "indicator_scores" VALUES(146,6,1,36,'2012-05-30 02:57:12.742286','2012-06-06 15:27:04.458026',45);
INSERT INTO "indicator_scores" VALUES(147,6,2,21,'2012-05-30 02:57:12.864597','2012-06-06 17:36:43.026531',43);
INSERT INTO "indicator_scores" VALUES(148,6,3,76,'2012-05-30 02:57:12.964613','2012-06-06 17:37:26.776327',44);
INSERT INTO "indicator_scores" VALUES(149,6,4,60,'2012-05-30 02:57:13.064537','2012-06-06 17:37:52.974120',65);
INSERT INTO "indicator_scores" VALUES(150,6,5,0,'2012-05-30 02:57:13.164533','2012-06-06 17:38:32.386109',65);
INSERT INTO "indicator_scores" VALUES(151,6,6,44,'2012-05-30 02:57:13.264792','2012-06-06 17:38:57.925213',45);
INSERT INTO "indicator_scores" VALUES(152,6,7,76,'2012-05-30 02:57:13.348410','2012-05-30 02:57:13.348410',0);
INSERT INTO "indicator_scores" VALUES(153,6,8,94,'2012-05-30 02:57:13.453532','2012-05-30 02:57:13.453532',0);
INSERT INTO "indicator_scores" VALUES(154,6,9,24,'2012-05-30 02:57:13.553406','2012-05-30 02:57:13.553406',0);
INSERT INTO "indicator_scores" VALUES(155,6,10,4,'2012-05-30 02:57:13.653568','2012-05-30 02:57:13.653568',0);
INSERT INTO "indicator_scores" VALUES(156,6,11,33,'2012-05-30 02:57:13.754317','2012-05-30 02:57:13.754317',0);
INSERT INTO "indicator_scores" VALUES(157,6,12,93,'2012-05-30 02:57:13.853447','2012-05-30 02:57:13.853447',0);
INSERT INTO "indicator_scores" VALUES(158,7,1,64,'2012-05-30 02:57:13.953406','2012-06-06 15:27:04.459749',25);
INSERT INTO "indicator_scores" VALUES(159,7,2,65,'2012-05-30 02:57:14.082940','2012-06-06 17:36:43.027022',55);
INSERT INTO "indicator_scores" VALUES(160,7,3,71,'2012-05-30 02:57:14.175641','2012-06-06 17:37:26.776805',90);
INSERT INTO "indicator_scores" VALUES(161,7,4,34,'2012-05-30 02:57:14.286764','2012-06-06 17:37:52.974590',43);
INSERT INTO "indicator_scores" VALUES(162,7,5,49,'2012-05-30 02:57:14.396302','2012-06-06 17:38:32.386580',45);
INSERT INTO "indicator_scores" VALUES(163,7,6,9,'2012-05-30 02:57:14.507416','2012-06-06 17:38:57.925680',87);
INSERT INTO "indicator_scores" VALUES(164,7,7,97,'2012-05-30 02:57:14.618705','2012-05-30 02:57:14.618705',0);
INSERT INTO "indicator_scores" VALUES(165,7,8,38,'2012-05-30 02:57:14.730546','2012-05-30 02:57:14.730546',0);
INSERT INTO "indicator_scores" VALUES(166,7,9,97,'2012-05-30 02:57:14.839739','2012-05-30 02:57:14.839739',0);
INSERT INTO "indicator_scores" VALUES(167,7,10,10,'2012-05-30 02:57:14.963794','2012-05-30 02:57:14.963794',0);
INSERT INTO "indicator_scores" VALUES(168,7,11,42,'2012-05-30 02:57:15.083737','2012-05-30 02:57:15.083737',0);
INSERT INTO "indicator_scores" VALUES(169,7,12,9,'2012-05-30 02:57:15.196252','2012-05-30 02:57:15.196252',0);
DROP TABLE IF EXISTS "indicators";
CREATE TABLE "indicators" ("id" INTEGER PRIMARY KEY AUTOINCREMENT NOT NULL, "name" varchar(255), "weight" float, "objective_id" integer, "created_at" datetime NOT NULL, "updated_at" datetime NOT NULL, "operation_id" INTEGER DEFAULT null);
INSERT INTO "indicators" VALUES(1,'EVA del Grupo',100,1,'2012-05-26 18:01:16.628945','2012-05-26 18:01:16.628945',NULL);
INSERT INTO "indicators" VALUES(2,'Ventas Anuales',50,2,'2012-05-26 18:01:37.560622','2012-05-26 18:01:37.560622',NULL);
INSERT INTO "indicators" VALUES(3,'Crecimiento Promedio en Venezuela ',50,2,'2012-05-26 18:01:54.869717','2012-05-26 18:01:54.869717',NULL);
INSERT INTO "indicators" VALUES(4,'ROCE ',100,3,'2012-05-26 18:02:22.645924','2012-06-04 21:48:07.122540',2);
INSERT INTO "indicators" VALUES(5,'Costos',50,4,'2012-05-26 18:02:58.207930','2012-05-26 18:02:58.207930',NULL);
INSERT INTO "indicators" VALUES(6,'Margen bruto a Ventas',50,4,'2012-05-26 18:03:18.714343','2012-05-26 18:03:18.714343',NULL);
INSERT INTO "indicators" VALUES(7,'Ingresos fuera de Venezuela',100,5,'2012-05-26 18:03:53.024449','2012-05-26 18:03:53.024449',NULL);
DROP TABLE IF EXISTS "indicators_objectives";
CREATE TABLE "indicators_objectives" ("indicator_id" integer, "objective_id" integer);
INSERT INTO "indicators_objectives" VALUES(1,1);
INSERT INTO "indicators_objectives" VALUES(2,2);
INSERT INTO "indicators_objectives" VALUES(3,2);
INSERT INTO "indicators_objectives" VALUES(1,17);
INSERT INTO "indicators_objectives" VALUES(1,3);
DROP TABLE IF EXISTS "objective_scores";
CREATE TABLE "objective_scores" ("id" INTEGER PRIMARY KEY AUTOINCREMENT NOT NULL, "objective_id" integer, "scoredate_id" integer, "score" float, "created_at" datetime NOT NULL, "updated_at" datetime NOT NULL);
DROP TABLE IF EXISTS "objectives";
CREATE TABLE "objectives" ("id" INTEGER PRIMARY KEY AUTOINCREMENT NOT NULL, "name" varchar(255), "weight" float, "perspective_id" integer, "created_at" datetime NOT NULL, "updated_at" datetime NOT NULL);
INSERT INTO "objectives" VALUES(1,'Maximizar el Valor del Grupo',20,1,'2012-05-26 16:29:49.359470','2012-05-26 16:29:49.359470');
INSERT INTO "objectives" VALUES(2,'Lograr un crecimiento sostenido de ingresos con una mezcla Venezuela - Latinoamérica altamente rentable',20,1,'2012-05-26 16:40:11.895750','2012-05-26 16:40:11.895750');
INSERT INTO "objectives" VALUES(3,'Optimizar las Inversiones ',20,1,'2012-05-26 16:40:37.611349','2012-05-26 16:40:37.611349');
INSERT INTO "objectives" VALUES(4,'Tener costos competitivos  a nivel internacional Tener costos competitivos  a nivel internacional ',20,1,'2012-05-26 16:40:56.652224','2012-05-26 16:40:56.652224');
INSERT INTO "objectives" VALUES(5,'Disminuir Dependencia Venezuela ',20,1,'2012-05-26 16:41:10.041306','2012-05-26 16:41:10.041306');
INSERT INTO "objectives" VALUES(6,'Crecer  en contratación de  Servicios por   Clientes  a nivel regional ',10,2,'2012-05-26 17:06:49.696322','2012-05-26 17:06:49.696322');
INSERT INTO "objectives" VALUES(7,'Incrementar participación en los mercados  Regionales  Objetivo',10,2,'2012-05-26 17:07:11.847402','2012-05-26 17:07:11.847402');
INSERT INTO "objectives" VALUES(8,'Optimizar Relaciones con  nuestros Clientes y los  Clientes de nuestros Clientes ',10,2,'2012-05-26 17:07:29.492197','2012-05-26 17:07:29.492197');
INSERT INTO "objectives" VALUES(9,'Compromiso como Aliados de Negocio (crecimiento, tarifas , calidad  de servicio y  negocios)  ',10,2,'2012-05-26 17:07:47.202697','2012-05-26 17:07:47.202697');
INSERT INTO "objectives" VALUES(10,'Maximizar el  crecimiento en  America Latina y  el Caribe',10,3,'2012-05-26 17:09:11.164286','2012-05-26 17:09:11.164286');
INSERT INTO "objectives" VALUES(11,'Desarrollar el  Modelo Glocal ',12,3,'2012-05-26 17:09:27.780536','2012-05-26 17:09:27.780536');
INSERT INTO "objectives" VALUES(12,'Obtener nuevos  Clientes y retener a los  Actuales en mercados  objetivo Obtener nuevos  Clientes y retener a los  Actuales en mercados  objetivo ',12,3,'2012-05-26 17:09:41.608085','2012-05-26 17:09:41.608085');
INSERT INTO "objectives" VALUES(13,'Maximizar la  Calidad  de Servicios  vía  nuestros  diferenciadores ',12,3,'2012-05-26 17:09:55.909748','2012-05-26 17:09:55.909748');
INSERT INTO "objectives" VALUES(14,'Innovar para  adelantarse  y  sobrepasar  las  Expectativas de  los clientes ',12,3,'2012-05-26 17:10:28.600117','2012-05-26 17:10:28.600117');
INSERT INTO "objectives" VALUES(15,'Desarrollar y  Mantener alianzas clave para apalancar el éxito ',12,3,'2012-05-26 17:10:45.831284','2012-05-26 17:10:45.831284');
INSERT INTO "objectives" VALUES(16,'Maximizar la  eficiencia de ALC  y de las Empresas  del Grupo  ',12,3,'2012-05-26 17:11:14.790471','2012-05-26 17:11:14.790471');
INSERT INTO "objectives" VALUES(17,'Tener la Tecnología  de la Información  y de procesos clave que  apalanque los  negocios ',12,4,'2012-05-26 17:11:53.451033','2012-05-26 17:11:53.451033');
INSERT INTO "objectives" VALUES(18,'Desarrollar una cultura  de servicios y de negocios y un clima adecuado al crecimiento humano ',12,4,'2012-05-26 17:12:09.448805','2012-05-26 17:12:09.448805');
INSERT INTO "objectives" VALUES(19,'Tener, retener  y desarrollar a la Gente con las competencias  requeridas ',12,4,'2012-05-26 17:12:23.092277','2012-05-26 17:12:23.092277');
INSERT INTO "objectives" VALUES(20,' Modelo de Negocio – Organización  que apalanque la estrategia ',12,4,'2012-05-26 17:12:39.303304','2012-05-26 17:12:39.303304');
DROP TABLE IF EXISTS "operations";
CREATE TABLE "operations" ("id" INTEGER PRIMARY KEY AUTOINCREMENT NOT NULL, "name" varchar(255), "operator" varchar(1), "firstoperand" integer, "secondoperand" integer, "created_at" datetime NOT NULL, "updated_at" datetime NOT NULL);
INSERT INTO "operations" VALUES(1,'1 - Tasa ISLR','-',8,2,'2012-06-04 20:39:43.045029','2012-06-04 23:10:58.761410');
INSERT INTO "operations" VALUES(2,'ROCE','*',1,9,'2012-06-04 21:00:20.561390','2012-06-04 21:55:40.065160');
DROP TABLE IF EXISTS "perspective_scores";
CREATE TABLE "perspective_scores" ("id" INTEGER PRIMARY KEY AUTOINCREMENT NOT NULL, "perspective_id" integer, "scoredate_id" integer, "score" float, "created_at" datetime NOT NULL, "updated_at" datetime NOT NULL);
DROP TABLE IF EXISTS "perspectives";
CREATE TABLE "perspectives" ("id" INTEGER PRIMARY KEY AUTOINCREMENT NOT NULL, "name" varchar(255), "weight" float, "created_at" datetime NOT NULL, "updated_at" datetime NOT NULL);
INSERT INTO "perspectives" VALUES(1,'Financiera',25,'2012-05-25 21:48:58.459948','2012-05-25 21:48:58.459948');
INSERT INTO "perspectives" VALUES(2,'Clientes',25,'2012-05-25 21:49:21.650051','2012-05-25 21:49:21.650051');
INSERT INTO "perspectives" VALUES(3,'Procesos Internos',25,'2012-05-25 21:49:53.714740','2012-05-25 21:49:53.714740');
INSERT INTO "perspectives" VALUES(4,'Desarrollo y Crecimiento',25,'2012-05-25 21:50:10.673222','2012-05-26 17:13:05.781837');
DROP TABLE IF EXISTS "raw_data";
CREATE TABLE "raw_data" ("id" INTEGER PRIMARY KEY  NOT NULL ,"name" varchar(255),"operation_id" integer,"created_at" datetime NOT NULL ,"updated_at" datetime NOT NULL , "default_value" FLOAT DEFAULT null);
INSERT INTO "raw_data" VALUES(1,'Beneficio Operativo',NULL,'2012-06-04 18:17:12.022800','2012-06-04 22:44:54.543495',NULL);
INSERT INTO "raw_data" VALUES(2,'Tasa ISLR',NULL,'2012-06-04 18:18:12.138939','2012-06-04 18:18:12.138939',NULL);
INSERT INTO "raw_data" VALUES(3,'PLP',NULL,'2012-06-04 18:18:26.270469','2012-06-04 18:18:26.270469',NULL);
INSERT INTO "raw_data" VALUES(4,'CE',NULL,'2012-06-04 18:18:34.338640','2012-06-04 18:18:34.338640',NULL);
INSERT INTO "raw_data" VALUES(5,'CPLP',NULL,'2012-06-04 18:18:42.831923','2012-06-04 18:18:42.831923',NULL);
INSERT INTO "raw_data" VALUES(6,'PAT',NULL,'2012-06-04 18:19:04.366311','2012-06-04 18:19:04.366311',NULL);
INSERT INTO "raw_data" VALUES(7,'CPAT',NULL,'2012-06-04 18:19:12.824264','2012-06-04 18:19:12.824264',NULL);
INSERT INTO "raw_data" VALUES(8,'Uno',NULL,'2012-06-04 20:35:43.612154','2012-06-04 20:35:43.612154',1);
INSERT INTO "raw_data" VALUES(9,'1 - Tasa ISLR',1,'2012-06-04 20:59:52.055094','2012-06-04 21:11:52.101615',NULL);
DROP TABLE IF EXISTS "raw_data_scores";
CREATE TABLE "raw_data_scores" ("id" INTEGER PRIMARY KEY  NOT NULL ,"scoredate_id" integer,"value" float,"rawdata_id" integer,"created_at" datetime NOT NULL ,"updated_at" datetime NOT NULL );
INSERT INTO "raw_data_scores" VALUES(1,1,49,1,'2012-06-04 19:02:21.798394','2012-06-04 19:02:21.798394');
INSERT INTO "raw_data_scores" VALUES(2,2,38,1,'2012-06-04 19:02:21.989117','2012-06-04 19:02:21.989117');
INSERT INTO "raw_data_scores" VALUES(3,3,34,1,'2012-06-04 19:02:22.133492','2012-06-04 19:02:22.133492');
INSERT INTO "raw_data_scores" VALUES(4,4,73,1,'2012-06-04 19:02:22.277336','2012-06-04 19:02:22.277336');
INSERT INTO "raw_data_scores" VALUES(5,5,10,1,'2012-06-04 19:02:22.399899','2012-06-04 19:02:22.399899');
INSERT INTO "raw_data_scores" VALUES(6,6,44,1,'2012-06-04 19:02:22.533088','2012-06-04 19:02:22.533088');
INSERT INTO "raw_data_scores" VALUES(7,7,54,1,'2012-06-04 19:02:22.644320','2012-06-04 19:02:22.644320');
INSERT INTO "raw_data_scores" VALUES(8,8,78,1,'2012-06-04 19:02:22.777756','2012-06-04 19:02:22.777756');
INSERT INTO "raw_data_scores" VALUES(9,9,72,1,'2012-06-04 19:02:22.944316','2012-06-04 19:02:22.944316');
INSERT INTO "raw_data_scores" VALUES(10,10,86,1,'2012-06-04 19:02:23.077660','2012-06-04 19:02:23.077660');
INSERT INTO "raw_data_scores" VALUES(11,11,58,1,'2012-06-04 19:02:23.222065','2012-06-04 19:02:23.222065');
INSERT INTO "raw_data_scores" VALUES(12,12,3,1,'2012-06-04 19:02:23.344379','2012-06-04 19:02:23.344379');
INSERT INTO "raw_data_scores" VALUES(13,1,22,2,'2012-06-04 19:02:23.466683','2012-06-05 01:43:56.663881');
INSERT INTO "raw_data_scores" VALUES(14,2,57,2,'2012-06-04 19:02:23.577716','2012-06-04 19:02:23.577716');
INSERT INTO "raw_data_scores" VALUES(15,3,62,2,'2012-06-04 19:02:23.677598','2012-06-04 19:02:23.677598');
INSERT INTO "raw_data_scores" VALUES(16,4,7,2,'2012-06-04 19:02:23.788659','2012-06-04 19:02:23.788659');
INSERT INTO "raw_data_scores" VALUES(17,5,89,2,'2012-06-04 19:02:23.928588','2012-06-04 19:02:23.928588');
INSERT INTO "raw_data_scores" VALUES(18,6,57,2,'2012-06-04 19:02:24.033167','2012-06-04 19:02:24.033167');
INSERT INTO "raw_data_scores" VALUES(19,7,92,2,'2012-06-04 19:02:24.133100','2012-06-04 19:02:24.133100');
INSERT INTO "raw_data_scores" VALUES(20,8,51,2,'2012-06-04 19:02:24.233199','2012-06-04 19:02:24.233199');
INSERT INTO "raw_data_scores" VALUES(21,9,94,2,'2012-06-04 19:02:24.333114','2012-06-04 19:02:24.333114');
INSERT INTO "raw_data_scores" VALUES(22,10,39,2,'2012-06-04 19:02:24.433189','2012-06-04 19:02:24.433189');
INSERT INTO "raw_data_scores" VALUES(23,11,31,2,'2012-06-04 19:02:24.522087','2012-06-04 19:02:24.522087');
INSERT INTO "raw_data_scores" VALUES(24,12,86,2,'2012-06-04 19:02:24.610901','2012-06-04 19:02:24.610901');
INSERT INTO "raw_data_scores" VALUES(25,1,98,3,'2012-06-04 19:02:24.711029','2012-06-04 19:02:24.711029');
INSERT INTO "raw_data_scores" VALUES(26,2,1,3,'2012-06-04 19:02:24.811022','2012-06-04 19:02:24.811022');
INSERT INTO "raw_data_scores" VALUES(27,3,30,3,'2012-06-04 19:02:24.910973','2012-06-04 19:02:24.910973');
INSERT INTO "raw_data_scores" VALUES(28,4,1,3,'2012-06-04 19:02:25.010045','2012-06-04 19:02:25.010045');
INSERT INTO "raw_data_scores" VALUES(29,5,67,3,'2012-06-04 19:02:25.110967','2012-06-04 19:02:25.110967');
INSERT INTO "raw_data_scores" VALUES(30,6,97,3,'2012-06-04 19:02:25.211007','2012-06-04 19:02:25.211007');
INSERT INTO "raw_data_scores" VALUES(31,7,33,3,'2012-06-04 19:02:25.299890','2012-06-04 19:02:25.299890');
INSERT INTO "raw_data_scores" VALUES(32,8,44,3,'2012-06-04 19:02:25.403850','2012-06-04 19:02:25.403850');
INSERT INTO "raw_data_scores" VALUES(33,9,22,3,'2012-06-04 19:02:25.499918','2012-06-04 19:02:25.499918');
INSERT INTO "raw_data_scores" VALUES(34,10,94,3,'2012-06-04 19:02:25.599880','2012-06-04 19:02:25.599880');
INSERT INTO "raw_data_scores" VALUES(35,11,46,3,'2012-06-04 19:02:25.699885','2012-06-04 19:02:25.699885');
INSERT INTO "raw_data_scores" VALUES(36,12,62,3,'2012-06-04 19:02:25.799800','2012-06-04 19:02:25.799800');
INSERT INTO "raw_data_scores" VALUES(37,1,19,4,'2012-06-04 19:02:25.899875','2012-06-04 19:02:25.899875');
INSERT INTO "raw_data_scores" VALUES(38,2,78,4,'2012-06-04 19:02:25.999826','2012-06-04 19:02:25.999826');
INSERT INTO "raw_data_scores" VALUES(39,3,18,4,'2012-06-04 19:02:26.088721','2012-06-04 19:02:26.088721');
INSERT INTO "raw_data_scores" VALUES(40,4,19,4,'2012-06-04 19:02:26.177520','2012-06-04 19:02:26.177520');
INSERT INTO "raw_data_scores" VALUES(41,5,44,4,'2012-06-04 19:02:26.277671','2012-06-04 19:02:26.277671');
INSERT INTO "raw_data_scores" VALUES(42,6,29,4,'2012-06-04 19:02:26.377592','2012-06-04 19:02:26.377592');
INSERT INTO "raw_data_scores" VALUES(43,7,3,4,'2012-06-04 19:02:26.477610','2012-06-04 19:02:26.477610');
INSERT INTO "raw_data_scores" VALUES(44,8,58,4,'2012-06-04 19:02:26.577607','2012-06-04 19:02:26.577607');
INSERT INTO "raw_data_scores" VALUES(45,9,92,4,'2012-06-04 19:02:26.677588','2012-06-04 19:02:26.677588');
INSERT INTO "raw_data_scores" VALUES(46,10,9,4,'2012-06-04 19:02:26.777589','2012-06-04 19:02:26.777589');
INSERT INTO "raw_data_scores" VALUES(47,11,51,4,'2012-06-04 19:02:26.881632','2012-06-04 19:02:26.881632');
INSERT INTO "raw_data_scores" VALUES(48,12,19,4,'2012-06-04 19:02:26.966472','2012-06-04 19:02:26.966472');
INSERT INTO "raw_data_scores" VALUES(49,1,12,5,'2012-06-04 19:02:27.055354','2012-06-04 19:02:27.055354');
INSERT INTO "raw_data_scores" VALUES(50,2,23,5,'2012-06-04 19:02:27.155345','2012-06-04 19:02:27.155345');
INSERT INTO "raw_data_scores" VALUES(51,3,46,5,'2012-06-04 19:02:27.255372','2012-06-04 19:02:27.255372');
INSERT INTO "raw_data_scores" VALUES(52,4,47,5,'2012-06-04 19:02:27.355412','2012-06-04 19:02:27.355412');
INSERT INTO "raw_data_scores" VALUES(53,5,88,5,'2012-06-04 19:02:27.455363','2012-06-04 19:02:27.455363');
INSERT INTO "raw_data_scores" VALUES(54,6,97,5,'2012-06-04 19:02:27.555271','2012-06-04 19:02:27.555271');
INSERT INTO "raw_data_scores" VALUES(55,7,92,5,'2012-06-04 19:02:27.655362','2012-06-04 19:02:27.655362');
INSERT INTO "raw_data_scores" VALUES(56,8,5,5,'2012-06-04 19:02:27.744373','2012-06-04 19:02:27.744373');
INSERT INTO "raw_data_scores" VALUES(57,9,30,5,'2012-06-04 19:02:27.833185','2012-06-04 19:02:27.833185');
INSERT INTO "raw_data_scores" VALUES(58,10,16,5,'2012-06-04 19:02:27.922010','2012-06-04 19:02:27.922010');
INSERT INTO "raw_data_scores" VALUES(59,11,39,5,'2012-06-04 19:02:28.021935','2012-06-04 19:02:28.021935');
INSERT INTO "raw_data_scores" VALUES(60,12,8,5,'2012-06-04 19:02:28.120923','2012-06-04 19:02:28.120923');
INSERT INTO "raw_data_scores" VALUES(61,1,0,6,'2012-06-04 19:02:28.211003','2012-06-04 19:02:28.211003');
INSERT INTO "raw_data_scores" VALUES(62,2,32,6,'2012-06-04 19:02:28.326333','2012-06-04 19:02:28.326333');
INSERT INTO "raw_data_scores" VALUES(63,3,10,6,'2012-06-04 19:02:28.421905','2012-06-04 19:02:28.421905');
INSERT INTO "raw_data_scores" VALUES(64,4,60,6,'2012-06-04 19:02:28.510819','2012-06-04 19:02:28.510819');
INSERT INTO "raw_data_scores" VALUES(65,5,96,6,'2012-06-04 19:02:28.599832','2012-06-04 19:02:28.599832');
INSERT INTO "raw_data_scores" VALUES(66,6,17,6,'2012-06-04 19:02:28.700334','2012-06-04 19:02:28.700334');
INSERT INTO "raw_data_scores" VALUES(67,7,41,6,'2012-06-04 19:02:28.799939','2012-06-04 19:02:28.799939');
INSERT INTO "raw_data_scores" VALUES(68,8,53,6,'2012-06-04 19:02:28.899851','2012-06-04 19:02:28.899851');
INSERT INTO "raw_data_scores" VALUES(69,9,62,6,'2012-06-04 19:02:28.999749','2012-06-04 19:02:28.999749');
INSERT INTO "raw_data_scores" VALUES(70,10,71,6,'2012-06-04 19:02:29.100606','2012-06-04 19:02:29.100606');
INSERT INTO "raw_data_scores" VALUES(71,11,40,6,'2012-06-04 19:02:29.199775','2012-06-04 19:02:29.199775');
INSERT INTO "raw_data_scores" VALUES(72,12,12,6,'2012-06-04 19:02:29.288653','2012-06-04 19:02:29.288653');
INSERT INTO "raw_data_scores" VALUES(73,1,28,7,'2012-06-04 19:02:29.377571','2012-06-04 19:02:29.377571');
INSERT INTO "raw_data_scores" VALUES(74,2,23,7,'2012-06-04 19:02:29.466433','2012-06-04 19:02:29.466433');
INSERT INTO "raw_data_scores" VALUES(75,3,28,7,'2012-06-04 19:02:29.566503','2012-06-04 19:02:29.566503');
INSERT INTO "raw_data_scores" VALUES(76,4,34,7,'2012-06-04 19:02:29.666336','2012-06-04 19:02:29.666336');
INSERT INTO "raw_data_scores" VALUES(77,5,8,7,'2012-06-04 19:02:29.812836','2012-06-04 19:02:29.812836');
INSERT INTO "raw_data_scores" VALUES(78,6,97,7,'2012-06-04 19:02:29.922015','2012-06-04 19:02:29.922015');
INSERT INTO "raw_data_scores" VALUES(79,7,80,7,'2012-06-04 19:02:30.033248','2012-06-04 19:02:30.033248');
INSERT INTO "raw_data_scores" VALUES(80,8,10,7,'2012-06-04 19:02:30.132912','2012-06-04 19:02:30.132912');
INSERT INTO "raw_data_scores" VALUES(81,9,65,7,'2012-06-04 19:02:30.233038','2012-06-04 19:02:30.233038');
INSERT INTO "raw_data_scores" VALUES(82,10,59,7,'2012-06-04 19:02:30.332977','2012-06-04 19:02:30.332977');
INSERT INTO "raw_data_scores" VALUES(83,11,45,7,'2012-06-04 19:02:30.444076','2012-06-04 19:02:30.444076');
INSERT INTO "raw_data_scores" VALUES(84,12,74,7,'2012-06-04 19:02:30.555196','2012-06-04 19:02:30.555196');
INSERT INTO "raw_data_scores" VALUES(85,1,1,8,'2012-06-04 21:25:20.108483','2012-06-04 21:25:20.108483');
INSERT INTO "raw_data_scores" VALUES(86,2,1,8,'2012-06-04 21:25:20.237478','2012-06-04 21:25:20.237478');
INSERT INTO "raw_data_scores" VALUES(87,3,1,8,'2012-06-04 21:25:20.335865','2012-06-04 21:25:20.335865');
INSERT INTO "raw_data_scores" VALUES(88,4,1,8,'2012-06-04 21:25:20.435763','2012-06-04 21:25:20.435763');
INSERT INTO "raw_data_scores" VALUES(89,5,1,8,'2012-06-04 21:25:20.535603','2012-06-04 21:25:20.535603');
INSERT INTO "raw_data_scores" VALUES(90,6,1,8,'2012-06-04 21:25:20.635641','2012-06-04 21:25:20.635641');
INSERT INTO "raw_data_scores" VALUES(91,7,1,8,'2012-06-04 21:25:20.746774','2012-06-04 21:25:20.746774');
INSERT INTO "raw_data_scores" VALUES(92,8,1,8,'2012-06-04 21:25:20.858911','2012-06-04 21:25:20.858911');
INSERT INTO "raw_data_scores" VALUES(93,9,1,8,'2012-06-04 21:25:20.957864','2012-06-04 21:25:20.957864');
INSERT INTO "raw_data_scores" VALUES(94,10,1,8,'2012-06-04 21:25:21.057856','2012-06-04 21:25:21.057856');
INSERT INTO "raw_data_scores" VALUES(95,11,1,8,'2012-06-04 21:25:21.155869','2012-06-04 21:25:21.155869');
INSERT INTO "raw_data_scores" VALUES(96,12,1,8,'2012-06-04 21:25:21.257820','2012-06-04 21:25:21.257820');
DROP TABLE IF EXISTS "roles";
CREATE TABLE "roles" ("id" INTEGER PRIMARY KEY AUTOINCREMENT NOT NULL, "name" varchar(255), "resource_id" integer, "resource_type" varchar(255), "created_at" datetime NOT NULL, "updated_at" datetime NOT NULL);
DROP TABLE IF EXISTS "schema_migrations";
CREATE TABLE "schema_migrations" ("version" varchar(255) NOT NULL);
INSERT INTO "schema_migrations" VALUES('20120418171104');
INSERT INTO "schema_migrations" VALUES('20120418171110');
INSERT INTO "schema_migrations" VALUES('20120418171112');
INSERT INTO "schema_migrations" VALUES('20120525214806');
INSERT INTO "schema_migrations" VALUES('20120525223504');
INSERT INTO "schema_migrations" VALUES('20120526153106');
INSERT INTO "schema_migrations" VALUES('20120526160702');
INSERT INTO "schema_migrations" VALUES('20120526160705');
INSERT INTO "schema_migrations" VALUES('20120526160708');
INSERT INTO "schema_migrations" VALUES('20120526160754');
INSERT INTO "schema_migrations" VALUES('20120526160907');
INSERT INTO "schema_migrations" VALUES('20120526162127');
INSERT INTO "schema_migrations" VALUES('20120526162130');
INSERT INTO "schema_migrations" VALUES('20120526162133');
INSERT INTO "schema_migrations" VALUES('20120526162158');
INSERT INTO "schema_migrations" VALUES('20120526163152');
INSERT INTO "schema_migrations" VALUES('20120528200632');
INSERT INTO "schema_migrations" VALUES('20120529183452');
INSERT INTO "schema_migrations" VALUES('20120531130211');
INSERT INTO "schema_migrations" VALUES('20120531144055');
INSERT INTO "schema_migrations" VALUES('20120604175301');
INSERT INTO "schema_migrations" VALUES('20120606143854');
DROP TABLE IF EXISTS "score_dates";
CREATE TABLE "score_dates" ("id" INTEGER PRIMARY KEY AUTOINCREMENT NOT NULL, "month" integer, "year" integer, "created_at" datetime NOT NULL, "updated_at" datetime NOT NULL);
INSERT INTO "score_dates" VALUES(1,5,2012,'2012-05-26 18:10:28.744374','2012-05-26 18:10:28.744374');
INSERT INTO "score_dates" VALUES(2,1,2012,'','');
INSERT INTO "score_dates" VALUES(3,2,2012,'','');
INSERT INTO "score_dates" VALUES(4,3,2012,'','');
INSERT INTO "score_dates" VALUES(5,4,2012,'','');
INSERT INTO "score_dates" VALUES(6,6,2012,'','');
INSERT INTO "score_dates" VALUES(7,7,2012,'','');
INSERT INTO "score_dates" VALUES(8,8,2012,'','');
INSERT INTO "score_dates" VALUES(9,9,2012,'','');
INSERT INTO "score_dates" VALUES(10,10,2012,'','');
INSERT INTO "score_dates" VALUES(11,11,2012,'','');
INSERT INTO "score_dates" VALUES(12,12,2012,'','');
INSERT INTO "score_dates" VALUES(13,12,2011,'2012-06-06 20:13:53.411944','2012-06-06 20:13:53.411944');
DROP TABLE IF EXISTS "users";
CREATE TABLE "users" ("id" INTEGER PRIMARY KEY AUTOINCREMENT NOT NULL, "email" varchar(255) DEFAULT '' NOT NULL, "encrypted_password" varchar(255) DEFAULT '' NOT NULL, "reset_password_token" varchar(255), "reset_password_sent_at" datetime, "remember_created_at" datetime, "sign_in_count" integer DEFAULT 0, "current_sign_in_at" datetime, "last_sign_in_at" datetime, "current_sign_in_ip" varchar(255), "last_sign_in_ip" varchar(255), "created_at" datetime NOT NULL, "updated_at" datetime NOT NULL, "name" varchar(255));
DROP TABLE IF EXISTS "users_roles";
CREATE TABLE "users_roles" ("user_id" integer, "role_id" integer);
CREATE INDEX "index_roles_on_name" ON "roles" ("name");
CREATE INDEX "index_roles_on_name_and_resource_type_and_resource_id" ON "roles" ("name", "resource_type", "resource_id");
CREATE UNIQUE INDEX "index_users_on_email" ON "users" ("email");
CREATE UNIQUE INDEX "index_users_on_reset_password_token" ON "users" ("reset_password_token");
CREATE INDEX "index_users_roles_on_user_id_and_role_id" ON "users_roles" ("user_id", "role_id");
CREATE UNIQUE INDEX "unique_schema_migrations" ON "schema_migrations" ("version");
